{"Random Forest": {"MAE": 4.9097878477500085, "RMSE": 6.025970111315749, "R2": 0.32394437741121895}, "Gradient Boosting": {"MAE": 5.706701977970978, "RMSE": 6.919992702384089, "R2": 0.10846221214415785}, "SVR": {"MAE": 4.709026143693628, "RMSE": 6.160441166733214, "R2": 0.29343501533119387}, "Linear Regression": {"MAE": 5.388955563015989, "RMSE": 6.369905391016122, "R2": 0.2445696192915936}, "Ridge Regression": {"MAE": 5.445833701060849, "RMSE": 6.367203783301188, "R2": 0.24521027048828592}, "Lasso Regression": {"MAE": 4.810273027052656, "RMSE": 5.690925427937176, "R2": 0.39703198924308036}, "ElasticNet": {"MAE": 5.163378000980402, "RMSE": 5.993356878171821, "R2": 0.3312423543746126}, "Decision Tree": {"MAE": 4.232118055000001, "RMSE": 4.929344507767323, "R2": 0.5476164274638864}, "KNN": {"MAE": 6.217458334, "RMSE": 7.373561710949607, "R2": -0.012239128618446005}, "AdaBoost": {"MAE": 4.857381754718782, "RMSE": 5.956439266008873, "R2": 0.33945574696625735}, "Extra Trees": {"MAE": 5.010103819849997, "RMSE": 5.819438081358808, "R2": 0.3694920224342857}}